{
	"multipart": [
		{	"apply": {"model": "minecraft:block/birch_leaves"}
		},
		{	"when": {"distance": "1", "persistent": "true"},
			"apply": {"model": "block/leaves_distance1"}
		},
		{	"when": {"distance": "2", "persistent": "true"},
			"apply": {"model": "block/leaves_distance2"}
		},
		{	"when": {"distance": "3", "persistent": "true"},
			"apply": {"model": "block/leaves_distance3"}
		},
		{	"when": {"distance": "4", "persistent": "true"},
			"apply": {"model": "block/leaves_distance4"}
		},
		{	"when": {"distance": "5", "persistent": "true"},
			"apply": {"model": "block/leaves_distance5"}
		},
		{	"when": {"distance": "6", "persistent": "true"},
			"apply": {"model": "block/leaves_distance6"}
		},
		{	"when": {"distance": "7", "persistent": "true"},
			"apply": {"model": "block/leaves_distance7"}
		}
	]
}