{
	"multipart": [
		{	"when": { "facing": "east", "sculk_sensor_phase": "active" },
			"apply": { "model": "minecraft:block/calibrated_sculk_sensor_active", "y": 90 }
		},
		{	"when": { "facing": "east", "sculk_sensor_phase": "cooldown" },
			"apply": { "model": "minecraft:block/calibrated_sculk_sensor_cooldown", "y": 90 }
		},
		{	"when": { "facing": "east", "sculk_sensor_phase": "inactive" },
			"apply": { "model": "minecraft:block/calibrated_sculk_sensor_inactive", "y": 90 }
		},
		{	"when": { "facing": "north", "sculk_sensor_phase": "active" },
			"apply": { "model": "minecraft:block/calibrated_sculk_sensor_active" }
		},
		{	"when": { "facing": "north", "sculk_sensor_phase": "cooldown" },
			"apply": { "model": "minecraft:block/calibrated_sculk_sensor_cooldown" }
		},
		{	"when": { "facing": "north", "sculk_sensor_phase": "inactive" },
			"apply": { "model": "minecraft:block/calibrated_sculk_sensor_inactive" }
		},
		{	"when": { "facing": "south", "sculk_sensor_phase": "active" },
			"apply": { "model": "minecraft:block/calibrated_sculk_sensor_active", "y": 180 }
		},
		{	"when": { "facing": "south", "sculk_sensor_phase": "cooldown" },
			"apply": { "model": "minecraft:block/calibrated_sculk_sensor_cooldown", "y": 180 }
		},
		{	"when": { "facing": "south", "sculk_sensor_phase": "inactive" },
			"apply": { "model": "minecraft:block/calibrated_sculk_sensor_inactive", "y": 180 }
		},
		{	"when": { "facing": "west", "sculk_sensor_phase": "active" },
			"apply": { "model": "minecraft:block/calibrated_sculk_sensor_active", "y": 270 }
		},
		{	"when": { "facing": "west", "sculk_sensor_phase": "cooldown" },
			"apply": { "model": "minecraft:block/calibrated_sculk_sensor_cooldown", "y": 270 }
		},
		{	"when": { "facing": "west", "sculk_sensor_phase": "inactive" },
			"apply": { "model": "minecraft:block/calibrated_sculk_sensor_inactive", "y": 270 }
		},
		{	"when": { "power": "1" },
			"apply": { "model": "block/calibrated_sculk_sensor_power1" }
		},
		{	"when": { "power": "2" },
			"apply": { "model": "block/calibrated_sculk_sensor_power2" }
		},
		{	"when": { "power": "3" },
			"apply": { "model": "block/calibrated_sculk_sensor_power3" }
		},
		{	"when": { "power": "4" },
			"apply": { "model": "block/calibrated_sculk_sensor_power4" }
		},
		{	"when": { "power": "5" },
			"apply": { "model": "block/calibrated_sculk_sensor_power5" }
		},
		{	"when": { "power": "6" },
			"apply": { "model": "block/calibrated_sculk_sensor_power6" }
		},
		{	"when": { "power": "7" },
			"apply": { "model": "block/calibrated_sculk_sensor_power7" }
		},
		{	"when": { "power": "8" },
			"apply": { "model": "block/calibrated_sculk_sensor_power8" }
		},
		{	"when": { "power": "9" },
			"apply": { "model": "block/calibrated_sculk_sensor_power9" }
		},
		{	"when": { "power": "10" },
			"apply": { "model": "block/calibrated_sculk_sensor_power10" }
		},
		{	"when": { "power": "11" },
			"apply": { "model": "block/calibrated_sculk_sensor_power11" }
		},
		{	"when": { "power": "12" },
			"apply": { "model": "block/calibrated_sculk_sensor_power12" }
		},
		{	"when": { "power": "13" },
			"apply": { "model": "block/calibrated_sculk_sensor_power13" }
		},
		{	"when": { "power": "14" },
			"apply": { "model": "block/calibrated_sculk_sensor_power14" }
		},
		{	"when": { "power": "15" },
			"apply": { "model": "block/calibrated_sculk_sensor_power15" }
		}
	]
}
