{
	"multipart": [
		{	"when": { "inverted": "false" },
			"apply": { "model": "minecraft:block/daylight_detector_inverted_false" }
		},
		{	"when": { "inverted": "true" },
			"apply": { "model": "minecraft:block/daylight_detector_inverted_true" }
		},
		{	"when": { "inverted": "false", "power": "0" },
			"apply": { "model": "minecraft:block/daylight_detector_inverted_false_power0" }
		},
		{	"when": { "inverted": "false", "power": "1" },
			"apply": { "model": "minecraft:block/daylight_detector_inverted_false_power1" }
		},
		{	"when": { "inverted": "false", "power": "2" },
			"apply": { "model": "minecraft:block/daylight_detector_inverted_false_power2" }
		},
		{	"when": { "inverted": "false", "power": "3" },
			"apply": { "model": "minecraft:block/daylight_detector_inverted_false_power3" }
		},
		{	"when": { "inverted": "false", "power": "4" },
			"apply": { "model": "minecraft:block/daylight_detector_inverted_false_power4" }
		},
		{	"when": { "inverted": "false", "power": "5" },
			"apply": { "model": "minecraft:block/daylight_detector_inverted_false_power5" }
		},
		{	"when": { "inverted": "false", "power": "6" },
			"apply": { "model": "minecraft:block/daylight_detector_inverted_false_power6" }
		},
		{	"when": { "inverted": "false", "power": "7" },
			"apply": { "model": "minecraft:block/daylight_detector_inverted_false_power7" }
		},
		{	"when": { "inverted": "false", "power": "8" },
			"apply": { "model": "minecraft:block/daylight_detector_inverted_false_power8" }
		},
		{	"when": { "inverted": "false", "power": "9" },
			"apply": { "model": "minecraft:block/daylight_detector_inverted_false_power9" }
		},
		{	"when": { "inverted": "false", "power": "10" },
			"apply": { "model": "minecraft:block/daylight_detector_inverted_false_power10" }
		},
		{	"when": { "inverted": "false", "power": "11" },
			"apply": { "model": "minecraft:block/daylight_detector_inverted_false_power11" }
		},
		{	"when": { "inverted": "false", "power": "12" },
			"apply": { "model": "minecraft:block/daylight_detector_inverted_false_power12" }
		},
		{	"when": { "inverted": "false", "power": "13" },
			"apply": { "model": "minecraft:block/daylight_detector_inverted_false_power13" }
		},
		{	"when": { "inverted": "false", "power": "14" },
			"apply": { "model": "minecraft:block/daylight_detector_inverted_false_power14" }
		},
		{	"when": { "inverted": "false", "power": "15" },
			"apply": { "model": "minecraft:block/daylight_detector_inverted_false_power15" }
		},
		{	"when": { "inverted": "true", "power": "0" },
			"apply": { "model": "minecraft:block/daylight_detector_inverted_true_power0" }
		},
		{	"when": { "inverted": "true", "power": "1" },
			"apply": { "model": "minecraft:block/daylight_detector_inverted_true_power1" }
		},
		{	"when": { "inverted": "true", "power": "2" },
			"apply": { "model": "minecraft:block/daylight_detector_inverted_true_power2" }
		},
		{	"when": { "inverted": "true", "power": "3" },
			"apply": { "model": "minecraft:block/daylight_detector_inverted_true_power3" }
		},
		{	"when": { "inverted": "true", "power": "4" },
			"apply": { "model": "minecraft:block/daylight_detector_inverted_true_power4" }
		},
		{	"when": { "inverted": "true", "power": "5" },
			"apply": { "model": "minecraft:block/daylight_detector_inverted_true_power5" }
		},
		{	"when": { "inverted": "true", "power": "6" },
			"apply": { "model": "minecraft:block/daylight_detector_inverted_true_power6" }
		},
		{	"when": { "inverted": "true", "power": "7" },
			"apply": { "model": "minecraft:block/daylight_detector_inverted_true_power7" }
		},
		{	"when": { "inverted": "true", "power": "8" },
			"apply": { "model": "minecraft:block/daylight_detector_inverted_true_power8" }
		},
		{	"when": { "inverted": "true", "power": "9" },
			"apply": { "model": "minecraft:block/daylight_detector_inverted_true_power9" }
		},
		{	"when": { "inverted": "true", "power": "10" },
			"apply": { "model": "minecraft:block/daylight_detector_inverted_true_power10" }
		},
		{	"when": { "inverted": "true", "power": "11" },
			"apply": { "model": "minecraft:block/daylight_detector_inverted_true_power11" }
		},
		{	"when": { "inverted": "true", "power": "12" },
			"apply": { "model": "minecraft:block/daylight_detector_inverted_true_power12" }
		},
		{	"when": { "inverted": "true", "power": "13" },
			"apply": { "model": "minecraft:block/daylight_detector_inverted_true_power13" }
		},
		{	"when": { "inverted": "true", "power": "14" },
			"apply": { "model": "minecraft:block/daylight_detector_inverted_true_power14" }
		},
		{	"when": { "inverted": "true", "power": "15" },
			"apply": { "model": "minecraft:block/daylight_detector_inverted_true_power15" }
		}
	]
}