{
	"variants": {
		"triggered=false,facing=down": {
			"model": "minecraft:block/dropper_vertical_triggered_false",
			"x": 180
		},
		"triggered=false,facing=east": {
			"model": "minecraft:block/dropper_triggered_false",
			"y": 90
		},
		"triggered=false,facing=north": {
			"model": "minecraft:block/dropper_triggered_false"
		},
		"triggered=false,facing=south": {
			"model": "minecraft:block/dropper_triggered_false",
			"y": 180
		},
		"triggered=false,facing=up": {
			"model": "minecraft:block/dropper_vertical_triggered_false"
		},
		"triggered=false,facing=west": {
			"model": "minecraft:block/dropper_triggered_false",
			"y": 270
		},
		"triggered=true,facing=down": {
			"model": "minecraft:block/dropper_vertical_triggered_true",
			"x": 180
		},
		"triggered=true,facing=east": {
			"model": "minecraft:block/dropper_triggered_true",
			"y": 90
		},
		"triggered=true,facing=north": {
			"model": "minecraft:block/dropper_triggered_true"
		},
		"triggered=true,facing=south": {
			"model": "minecraft:block/dropper_triggered_true",
			"y": 180
		},
		"triggered=true,facing=up": {
			"model": "minecraft:block/dropper_vertical_triggered_true"
		},
		"triggered=true,facing=west": {
			"model": "minecraft:block/dropper_triggered_true",
			"y": 270
		}
	}
}