{
	"variants": {
		"power=0": {
			"model": "minecraft:block/heavy_weighted_pressure_plate"
		},
		"power=1": {
			"model": "minecraft:block/heavy_weighted_pressure_plate_power1"
		},
		"power=2": {
			"model": "minecraft:block/heavy_weighted_pressure_plate_power2"
		},
		"power=3": {
			"model": "minecraft:block/heavy_weighted_pressure_plate_power3"
		},
		"power=4": {
			"model": "minecraft:block/heavy_weighted_pressure_plate_power4"
		},
		"power=5": {
			"model": "minecraft:block/heavy_weighted_pressure_plate_power5"
		},
		"power=6": {
			"model": "minecraft:block/heavy_weighted_pressure_plate_power6"
		},
		"power=7": {
			"model": "minecraft:block/heavy_weighted_pressure_plate_power7"
		},
		"power=8": {
			"model": "minecraft:block/heavy_weighted_pressure_plate_power8"
		},
		"power=9": {
			"model": "minecraft:block/heavy_weighted_pressure_plate_power9"
		},
		"power=10": {
			"model": "minecraft:block/heavy_weighted_pressure_plate_power10"
		},
		"power=11": {
			"model": "minecraft:block/heavy_weighted_pressure_plate_power11"
		},
		"power=12": {
			"model": "minecraft:block/heavy_weighted_pressure_plate_power12"
		},
		"power=13": {
			"model": "minecraft:block/heavy_weighted_pressure_plate_power13"
		},
		"power=14": {
			"model": "minecraft:block/heavy_weighted_pressure_plate_power14"
		},
		"power=15": {
			"model": "minecraft:block/heavy_weighted_pressure_plate_power15"
		}
	}
}