{
	"variants": {
		"enabled=true,facing=down": {
			"model": "minecraft:block/hopper_enabled_true"
		},
		"enabled=true,facing=east": {
			"model": "minecraft:block/hopper_side_enabled_true",
			"y": 90
		},
		"enabled=true,facing=north": {
			"model": "minecraft:block/hopper_side_enabled_true"
		},
		"enabled=true,facing=south": {
			"model": "minecraft:block/hopper_side_enabled_true",
			"y": 180
		},
		"enabled=true,facing=west": {
			"model": "minecraft:block/hopper_side_enabled_true",
			"y": 270
		},
		"enabled=false,facing=down": {
			"model": "minecraft:block/hopper_enabled_false"
		},
		"enabled=false,facing=east": {
			"model": "minecraft:block/hopper_side_enabled_false",
			"y": 90
		},
		"enabled=false,facing=north": {
			"model": "minecraft:block/hopper_side_enabled_false"
		},
		"enabled=false,facing=south": {
			"model": "minecraft:block/hopper_side_enabled_false",
			"y": 180
		},
		"enabled=false,facing=west": {
			"model": "minecraft:block/hopper_side_enabled_false",
			"y": 270
		}
	}
}