{
	"variants": {
		"facing=east,half=bottom,open=false,powered=false": {
			"model": "minecraft:block/iron_trapdoor_bottom_powered_false",
			"y": 90
		},
		"facing=east,half=bottom,open=true,powered=false": {
			"model": "minecraft:block/iron_trapdoor_open_powered_false",
			"y": 90
		},
		"facing=east,half=top,open=false,powered=false": {
			"model": "minecraft:block/iron_trapdoor_top_powered_false",
			"y": 90
		},
		"facing=east,half=top,open=true,powered=false": {
			"model": "minecraft:block/iron_trapdoor_open_powered_false",
			"x": 180,
			"y": 270
		},
		"facing=north,half=bottom,open=false,powered=false": {
			"model": "minecraft:block/iron_trapdoor_bottom_powered_false"
		},
		"facing=north,half=bottom,open=true,powered=false": {
			"model": "minecraft:block/iron_trapdoor_open_powered_false"
		},
		"facing=north,half=top,open=false,powered=false": {
			"model": "minecraft:block/iron_trapdoor_top_powered_false"
		},
		"facing=north,half=top,open=true,powered=false": {
			"model": "minecraft:block/iron_trapdoor_open_powered_false",
			"x": 180,
			"y": 180
		},
		"facing=south,half=bottom,open=false,powered=false": {
			"model": "minecraft:block/iron_trapdoor_bottom_powered_false",
			"y": 180
		},
		"facing=south,half=bottom,open=true,powered=false": {
			"model": "minecraft:block/iron_trapdoor_open_powered_false",
			"y": 180
		},
		"facing=south,half=top,open=false,powered=false": {
			"model": "minecraft:block/iron_trapdoor_top_powered_false",
			"y": 180
		},
		"facing=south,half=top,open=true,powered=false": {
			"model": "minecraft:block/iron_trapdoor_open_powered_false",
			"x": 180,
			"y": 0
		},
		"facing=west,half=bottom,open=false,powered=false": {
			"model": "minecraft:block/iron_trapdoor_bottom_powered_false",
			"y": 270
		},
		"facing=west,half=bottom,open=true,powered=false": {
			"model": "minecraft:block/iron_trapdoor_open_powered_false",
			"y": 270
		},
		"facing=west,half=top,open=false,powered=false": {
			"model": "minecraft:block/iron_trapdoor_top_powered_false",
			"y": 270
		},
		"facing=west,half=top,open=true,powered=false": {
			"model": "minecraft:block/iron_trapdoor_open_powered_false",
			"x": 180,
			"y": 90
		},
		"facing=east,half=bottom,open=false,powered=true": {
			"model": "minecraft:block/iron_trapdoor_bottom_powered_true",
			"y": 90
		},
		"facing=east,half=bottom,open=true,powered=true": {
			"model": "minecraft:block/iron_trapdoor_open_powered_true",
			"y": 90
		},
		"facing=east,half=top,open=false,powered=true": {
			"model": "minecraft:block/iron_trapdoor_top_powered_true",
			"y": 90
		},
		"facing=east,half=top,open=true,powered=true": {
			"model": "minecraft:block/iron_trapdoor_open_powered_true",
			"x": 180,
			"y": 270
		},
		"facing=north,half=bottom,open=false,powered=true": {
			"model": "minecraft:block/iron_trapdoor_bottom_powered_true"
		},
		"facing=north,half=bottom,open=true,powered=true": {
			"model": "minecraft:block/iron_trapdoor_open_powered_true"
		},
		"facing=north,half=top,open=false,powered=true": {
			"model": "minecraft:block/iron_trapdoor_top_powered_true"
		},
		"facing=north,half=top,open=true,powered=true": {
			"model": "minecraft:block/iron_trapdoor_open_powered_true",
			"x": 180,
			"y": 180
		},
		"facing=south,half=bottom,open=false,powered=true": {
			"model": "minecraft:block/iron_trapdoor_bottom_powered_true",
			"y": 180
		},
		"facing=south,half=bottom,open=true,powered=true": {
			"model": "minecraft:block/iron_trapdoor_open_powered_true",
			"y": 180
		},
		"facing=south,half=top,open=false,powered=true": {
			"model": "minecraft:block/iron_trapdoor_top_powered_true",
			"y": 180
		},
		"facing=south,half=top,open=true,powered=true": {
			"model": "minecraft:block/iron_trapdoor_open_powered_true",
			"x": 180,
			"y": 0
		},
		"facing=west,half=bottom,open=false,powered=true": {
			"model": "minecraft:block/iron_trapdoor_bottom_powered_true",
			"y": 270
		},
		"facing=west,half=bottom,open=true,powered=true": {
			"model": "minecraft:block/iron_trapdoor_open_powered_true",
			"y": 270
		},
		"facing=west,half=top,open=false,powered=true": {
			"model": "minecraft:block/iron_trapdoor_top_powered_true",
			"y": 270
		},
		"facing=west,half=top,open=true,powered=true": {
			"model": "minecraft:block/iron_trapdoor_open_powered_true",
			"x": 180,
			"y": 90
		}
	}
}