{
	"multipart": [
		{	"when": {
				"OR": [
					{ "north": "none", "south": "none", "west": "none", "east": "none" },
					{ "north": "side|up", "west": "side|up" },
					{ "north": "side|up", "east": "side|up" },
					{ "south": "side|up", "west": "side|up" },
					{ "south": "side|up", "east": "side|up" }
				]
			},
			"apply": {"model": "minecraft:block/redstone_dust_dot"}
		},
		{	"when": { "north": "side|up" },
			"apply": { "model": "minecraft:block/redstone_dust_side0" }
		},
		{	"when": { "south": "side|up" },
			"apply": { "model": "minecraft:block/redstone_dust_side_alt0" }
		},
		{	"when": { "west": "side|up" },
			"apply": { "model": "minecraft:block/redstone_dust_side1", "y": 270 }
		},
		{	"when": { "east": "side|up" },
			"apply": { "model": "minecraft:block/redstone_dust_side_alt1", "y": 270 }
		},
		{	"when": { "north": "up" },
			"apply": { "model": "minecraft:block/redstone_dust_up" }
		},
		{	"when": { "south": "up" },
			"apply": { "model": "minecraft:block/redstone_dust_up", "y": 180 }
		},
		{	"when": { "west": "up" },
			"apply": { "model": "minecraft:block/redstone_dust_up", "y": 270 }
		},
		{	"when": { "east": "up" },
			"apply": { "model": "minecraft:block/redstone_dust_up", "y": 90 }
		},
		{	"when": {
				"OR": [
					{ "power": "1", "north": "none", "south": "none", "west": "none", "east": "none" },
					{ "power": "1", "west": "side|up" },
					{ "power": "1", "east": "side|up" }
				]
			},
			"apply": { "model": "minecraft:block/redstone_dust_power1" }
		},
		{	"when": {
				"OR": [
					{ "power": "2", "north": "none", "south": "none", "west": "none", "east": "none" },
					{ "power": "2", "west": "side|up" },
					{ "power": "2", "east": "side|up" }
				]
			},
			"apply": { "model": "minecraft:block/redstone_dust_power2" }
		},
		{	"when": {
				"OR": [
					{ "power": "3", "north": "none", "south": "none", "west": "none", "east": "none" },
					{ "power": "3", "west": "side|up" },
					{ "power": "3", "east": "side|up" }
				]
			},
			"apply": { "model": "minecraft:block/redstone_dust_power3" }
		},
		{	"when": {
				"OR": [
					{ "power": "4", "north": "none", "south": "none", "west": "none", "east": "none" },
					{ "power": "4", "west": "side|up" },
					{ "power": "4", "east": "side|up" }
				]
			},
			"apply": { "model": "minecraft:block/redstone_dust_power4" }
		},
		{	"when": {
				"OR": [
					{ "power": "5", "north": "none", "south": "none", "west": "none", "east": "none" },
					{ "power": "5", "west": "side|up" },
					{ "power": "5", "east": "side|up" }
				]
			},
			"apply": { "model": "minecraft:block/redstone_dust_power5" }
		},
		{	"when": {
				"OR": [
					{ "power": "6", "north": "none", "south": "none", "west": "none", "east": "none" },
					{ "power": "6", "west": "side|up" },
					{ "power": "6", "east": "side|up" }
				]
			},
			"apply": { "model": "minecraft:block/redstone_dust_power6" }
		},
		{	"when": {
				"OR": [
					{ "power": "7", "north": "none", "south": "none", "west": "none", "east": "none" },
					{ "power": "7", "west": "side|up" },
					{ "power": "7", "east": "side|up" }
				]
			},
			"apply": { "model": "minecraft:block/redstone_dust_power7" }
		},
		{	"when": {
				"OR": [
					{ "power": "8", "north": "none", "south": "none", "west": "none", "east": "none" },
					{ "power": "8", "west": "side|up" },
					{ "power": "8", "east": "side|up" }
				]
			},
			"apply": { "model": "minecraft:block/redstone_dust_power8" }
		},
		{	"when": {
				"OR": [
					{ "power": "9", "north": "none", "south": "none", "west": "none", "east": "none" },
					{ "power": "9", "west": "side|up" },
					{ "power": "9", "east": "side|up" }
				]
			},
			"apply": { "model": "minecraft:block/redstone_dust_power9" }
		},
		{	"when": {
				"OR": [
					{ "power": "10", "north": "none", "south": "none", "west": "none", "east": "none" },
					{ "power": "10", "west": "side|up" },
					{ "power": "10", "east": "side|up" }
				]
			},
			"apply": { "model": "minecraft:block/redstone_dust_power10" }
		},
		{	"when": {
				"OR": [
					{ "power": "11", "north": "none", "south": "none", "west": "none", "east": "none" },
					{ "power": "11", "west": "side|up" },
					{ "power": "11", "east": "side|up" }
				]
			},
			"apply": { "model": "minecraft:block/redstone_dust_power11" }
		},
		{	"when": {
				"OR": [
					{ "power": "12", "north": "none", "south": "none", "west": "none", "east": "none" },
					{ "power": "12", "west": "side|up" },
					{ "power": "12", "east": "side|up" }
				]
			},
			"apply": { "model": "minecraft:block/redstone_dust_power12" }
		},
		{	"when": {
				"OR": [
					{ "power": "13", "north": "none", "south": "none", "west": "none", "east": "none" },
					{ "power": "13", "west": "side|up" },
					{ "power": "13", "east": "side|up" }
				]
			},
			"apply": { "model": "minecraft:block/redstone_dust_power13" }
		},
		{	"when": {
				"OR": [
					{ "power": "14", "north": "none", "south": "none", "west": "none", "east": "none" },
					{ "power": "14", "west": "side|up" },
					{ "power": "14", "east": "side|up" }
				]
			},
			"apply": { "model": "minecraft:block/redstone_dust_power14" }
		},
		{	"when": {
				"OR": [
					{ "power": "15", "north": "none", "south": "none", "west": "none", "east": "none" },
					{ "power": "15", "west": "side|up" },
					{ "power": "15", "east": "side|up" }
				]
			},
			"apply": { "model": "minecraft:block/redstone_dust_power15" }
		},
		{	"when": { "power": "1", "north": "side|up", "south": "side|up", "west": "none", "east": "none" },
			"apply": { "model": "minecraft:block/redstone_dust_power1", "y": 270 }
		},
		{	"when": { "power": "2", "north": "side|up", "south": "side|up", "west": "none", "east": "none" },
			"apply": { "model": "minecraft:block/redstone_dust_power2", "y": 270 }
		},
		{	"when": { "power": "3", "north": "side|up", "south": "side|up", "west": "none", "east": "none" },
			"apply": { "model": "minecraft:block/redstone_dust_power3", "y": 270 }
		},
		{	"when": { "power": "4", "north": "side|up", "south": "side|up", "west": "none", "east": "none" },
			"apply": { "model": "minecraft:block/redstone_dust_power4", "y": 270 }
		},
		{	"when": { "power": "5", "north": "side|up", "south": "side|up", "west": "none", "east": "none" },
			"apply": { "model": "minecraft:block/redstone_dust_power5", "y": 270 }
		},
		{	"when": { "power": "6", "north": "side|up", "south": "side|up", "west": "none", "east": "none" },
			"apply": { "model": "minecraft:block/redstone_dust_power6", "y": 270 }
		},
		{	"when": { "power": "7", "north": "side|up", "south": "side|up", "west": "none", "east": "none" },
			"apply": { "model": "minecraft:block/redstone_dust_power7", "y": 270 }
		},
		{	"when": { "power": "8", "north": "side|up", "south": "side|up", "west": "none", "east": "none" },
			"apply": { "model": "minecraft:block/redstone_dust_power8", "y": 270 }
		},
		{	"when": { "power": "9", "north": "side|up", "south": "side|up", "west": "none", "east": "none" },
			"apply": { "model": "minecraft:block/redstone_dust_power9", "y": 270 }
		},
		{	"when": { "power": "10", "north": "side|up", "south": "side|up", "west": "none", "east": "none" },
			"apply": { "model": "minecraft:block/redstone_dust_power10", "y": 270 }
		},
		{	"when": { "power": "11", "north": "side|up", "south": "side|up", "west": "none", "east": "none" },
			"apply": { "model": "minecraft:block/redstone_dust_power11", "y": 270 }
		},
		{	"when": { "power": "12", "north": "side|up", "south": "side|up", "west": "none", "east": "none" },
			"apply": { "model": "minecraft:block/redstone_dust_power12", "y": 270 }
		},
		{	"when": { "power": "13", "north": "side|up", "south": "side|up", "west": "none", "east": "none" },
			"apply": { "model": "minecraft:block/redstone_dust_power13", "y": 270 }
		},
		{	"when": { "power": "14", "north": "side|up", "south": "side|up", "west": "none", "east": "none" },
			"apply": { "model": "minecraft:block/redstone_dust_power14", "y": 270 }
		},
		{	"when": { "power": "15", "north": "side|up", "south": "side|up", "west": "none", "east": "none" },
			"apply": { "model": "minecraft:block/redstone_dust_power15", "y": 270 }
		},
		{	"when": { "north": "up", "power":"1" },
			"apply": { "model": "minecraft:block/redstone_dust_up_power1" }
		},
		{	"when": { "north": "up", "power":"2" },
			"apply": { "model": "minecraft:block/redstone_dust_up_power2" }
		},
		{	"when": { "north": "up", "power":"3" },
			"apply": { "model": "minecraft:block/redstone_dust_up_power3" }
		},
		{	"when": { "north": "up", "power":"4" },
			"apply": { "model": "minecraft:block/redstone_dust_up_power4" }
		},
		{	"when": { "north": "up", "power":"5" },
			"apply": { "model": "minecraft:block/redstone_dust_up_power5" }
		},
		{	"when": { "north": "up", "power":"6" },
			"apply": { "model": "minecraft:block/redstone_dust_up_power6" }
		},
		{	"when": { "north": "up", "power":"7" },
			"apply": { "model": "minecraft:block/redstone_dust_up_power7" }
		},
		{	"when": { "north": "up", "power":"8" },
			"apply": { "model": "minecraft:block/redstone_dust_up_power8" }
		},
		{	"when": { "north": "up", "power":"9" },
			"apply": { "model": "minecraft:block/redstone_dust_up_power9" }
		},
		{	"when": { "north": "up", "power":"10" },
			"apply": { "model": "minecraft:block/redstone_dust_up_power10" }
		},
		{	"when": { "north": "up", "power":"11" },
			"apply": { "model": "minecraft:block/redstone_dust_up_power11" }
		},
		{	"when": { "north": "up", "power":"12" },
			"apply": { "model": "minecraft:block/redstone_dust_up_power12" }
		},
		{	"when": { "north": "up", "power":"13" },
			"apply": { "model": "minecraft:block/redstone_dust_up_power13" }
		},
		{	"when": { "north": "up", "power":"14" },
			"apply": { "model": "minecraft:block/redstone_dust_up_power14" }
		},
		{	"when": { "north": "up", "power":"15" },
			"apply": { "model": "minecraft:block/redstone_dust_up_power15" }
		},
		{	"when": { "south": "up", "power": "1" },
			"apply": { "model": "minecraft:block/redstone_dust_up_power1", "y": 180 }
		},
		{	"when": { "south": "up", "power": "2" },
			"apply": { "model": "minecraft:block/redstone_dust_up_power2", "y": 180 }
		},
		{	"when": { "south": "up", "power": "3" },
			"apply": { "model": "minecraft:block/redstone_dust_up_power3", "y": 180 }
		},
		{	"when": { "south": "up", "power": "4" },
			"apply": { "model": "minecraft:block/redstone_dust_up_power4", "y": 180 }
		},
		{	"when": { "south": "up", "power": "5" },
			"apply": { "model": "minecraft:block/redstone_dust_up_power5", "y": 180 }
		},
		{	"when": { "south": "up", "power": "6" },
			"apply": { "model": "minecraft:block/redstone_dust_up_power6", "y": 180 }
		},
		{	"when": { "south": "up", "power": "7" },
			"apply": { "model": "minecraft:block/redstone_dust_up_power7", "y": 180 }
		},
		{	"when": { "south": "up", "power": "8" },
			"apply": { "model": "minecraft:block/redstone_dust_up_power8", "y": 180 }
		},
		{	"when": { "south": "up", "power": "9" },
			"apply": { "model": "minecraft:block/redstone_dust_up_power9", "y": 180 }
		},
		{	"when": { "south": "up", "power": "10" },
			"apply": { "model": "minecraft:block/redstone_dust_up_power10", "y": 180 }
		},
		{	"when": { "south": "up", "power": "11" },
			"apply": { "model": "minecraft:block/redstone_dust_up_power11", "y": 180 }
		},
		{	"when": { "south": "up", "power": "12" },
			"apply": { "model": "minecraft:block/redstone_dust_up_power12", "y": 180 }
		},
		{	"when": { "south": "up", "power": "13" },
			"apply": { "model": "minecraft:block/redstone_dust_up_power13", "y": 180 }
		},
		{	"when": { "south": "up", "power": "14" },
			"apply": { "model": "minecraft:block/redstone_dust_up_power14", "y": 180 }
		},
		{	"when": { "south": "up", "power": "15" },
			"apply": { "model": "minecraft:block/redstone_dust_up_power15", "y": 180 }
		},
		{	"when": { "west": "up", "power": "1" },
			"apply": { "model": "minecraft:block/redstone_dust_up_power1", "y": 270 }
		},
		{	"when": { "west": "up", "power": "2" },
			"apply": { "model": "minecraft:block/redstone_dust_up_power2", "y": 270 }
		},
		{	"when": { "west": "up", "power": "3" },
			"apply": { "model": "minecraft:block/redstone_dust_up_power3", "y": 270 }
		},
		{	"when": { "west": "up", "power": "4" },
			"apply": { "model": "minecraft:block/redstone_dust_up_power4", "y": 270 }
		},
		{	"when": { "west": "up", "power": "5" },
			"apply": { "model": "minecraft:block/redstone_dust_up_power5", "y": 270 }
		},
		{	"when": { "west": "up", "power": "6" },
			"apply": { "model": "minecraft:block/redstone_dust_up_power6", "y": 270 }
		},
		{	"when": { "west": "up", "power": "7" },
			"apply": { "model": "minecraft:block/redstone_dust_up_power7", "y": 270 }
		},
		{	"when": { "west": "up", "power": "8" },
			"apply": { "model": "minecraft:block/redstone_dust_up_power8", "y": 270 }
		},
		{	"when": { "west": "up", "power": "9" },
			"apply": { "model": "minecraft:block/redstone_dust_up_power9", "y": 270 }
		},
		{	"when": { "west": "up", "power": "10" },
			"apply": { "model": "minecraft:block/redstone_dust_up_power10", "y": 270 }
		},
		{	"when": { "west": "up", "power": "11" },
			"apply": { "model": "minecraft:block/redstone_dust_up_power11", "y": 270 }
		},
		{	"when": { "west": "up", "power": "12" },
			"apply": { "model": "minecraft:block/redstone_dust_up_power12", "y": 270 }
		},
		{	"when": { "west": "up", "power": "13" },
			"apply": { "model": "minecraft:block/redstone_dust_up_power13", "y": 270 }
		},
		{	"when": { "west": "up", "power": "14" },
			"apply": { "model": "minecraft:block/redstone_dust_up_power14", "y": 270 }
		},
		{	"when": { "west": "up", "power": "15" },
			"apply": { "model": "minecraft:block/redstone_dust_up_power15", "y": 270 }
		},
		{	"when": { "east": "up", "power": "1" },
			"apply": { "model": "minecraft:block/redstone_dust_up_power1", "y": 90 }
		},
		{	"when": { "east": "up", "power": "2" },
			"apply": { "model": "minecraft:block/redstone_dust_up_power2", "y": 90 }
		},
		{	"when": { "east": "up", "power": "3" },
			"apply": { "model": "minecraft:block/redstone_dust_up_power3", "y": 90 }
		},
		{	"when": { "east": "up", "power": "4" },
			"apply": { "model": "minecraft:block/redstone_dust_up_power4", "y": 90 }
		},
		{	"when": { "east": "up", "power": "5" },
			"apply": { "model": "minecraft:block/redstone_dust_up_power5", "y": 90 }
		},
		{	"when": { "east": "up", "power": "6" },
			"apply": { "model": "minecraft:block/redstone_dust_up_power6", "y": 90 }
		},
		{	"when": { "east": "up", "power": "7" },
			"apply": { "model": "minecraft:block/redstone_dust_up_power7", "y": 90 }
		},
		{	"when": { "east": "up", "power": "8" },
			"apply": { "model": "minecraft:block/redstone_dust_up_power8", "y": 90 }
		},
		{	"when": { "east": "up", "power": "9" },
			"apply": { "model": "minecraft:block/redstone_dust_up_power9", "y": 90 }
		},
		{	"when": { "east": "up", "power": "10" },
			"apply": { "model": "minecraft:block/redstone_dust_up_power10", "y": 90 }
		},
		{	"when": { "east": "up", "power": "11" },
			"apply": { "model": "minecraft:block/redstone_dust_up_power11", "y": 90 }
		},
		{	"when": { "east": "up", "power": "12" },
			"apply": { "model": "minecraft:block/redstone_dust_up_power12", "y": 90 }
		},
		{	"when": { "east": "up", "power": "13" },
			"apply": { "model": "minecraft:block/redstone_dust_up_power13", "y": 90 }
		},
		{	"when": { "east": "up", "power": "14" },
			"apply": { "model": "minecraft:block/redstone_dust_up_power14", "y": 90 }
		},
		{	"when": { "east": "up", "power": "15" },
			"apply": { "model": "minecraft:block/redstone_dust_up_power15", "y": 90 }
		}
	]
}