{
	"multipart": [
		{	"when": { "bottom": "false" },
			"apply": { "model": "minecraft:block/scaffolding_stable" }
		},
		{	"when": { "bottom": "true" },
			"apply": { "model": "minecraft:block/scaffolding_unstable" }
		},
		{	"when": { "distance": "1" },
			"apply": { "model": "minecraft:block/scaffolding_distance1" }
		},
		{	"when": { "distance": "2" },
			"apply": { "model": "minecraft:block/scaffolding_distance2" }
		},
		{	"when": { "distance": "3" },
			"apply": { "model": "minecraft:block/scaffolding_distance3" }
		},
		{	"when": { "distance": "4" },
			"apply": { "model": "minecraft:block/scaffolding_distance4" }
		},
		{	"when": { "distance": "5" },
			"apply": { "model": "minecraft:block/scaffolding_distance5" }
		},
		{	"when": { "distance": "6" },
			"apply": { "model": "minecraft:block/scaffolding_distance6" }
		},
		{	"when": { "distance": "7" },
			"apply": { "model": "minecraft:block/scaffolding_distance7" }
		}
	]
}