{
	"multipart": [
		{	"when": { "sculk_sensor_phase": "active" },
			"apply": { "model": "minecraft:block/sculk_sensor_active" }
		},
		{	"when": { "sculk_sensor_phase": "cooldown" },
			"apply": { "model": "minecraft:block/sculk_sensor_cooldown" }
		},
		{	"when": { "sculk_sensor_phase": "inactive" },
			"apply": { "model": "minecraft:block/sculk_sensor_inactive" }
		},
		{	"when": { "power": "1" },
			"apply": { "model": "block/sculk_sensor_power1" }
		},
		{	"when": { "power": "2" },
			"apply": { "model": "block/sculk_sensor_power2" }
		},
		{	"when": { "power": "3" },
			"apply": { "model": "block/sculk_sensor_power3" }
		},
		{	"when": { "power": "4" },
			"apply": { "model": "block/sculk_sensor_power4" }
		},
		{	"when": { "power": "5" },
			"apply": { "model": "block/sculk_sensor_power5" }
		},
		{	"when": { "power": "6" },
			"apply": { "model": "block/sculk_sensor_power6" }
		},
		{	"when": { "power": "7" },
			"apply": { "model": "block/sculk_sensor_power7" }
		},
		{	"when": { "power": "8" },
			"apply": { "model": "block/sculk_sensor_power8" }
		},
		{	"when": { "power": "9" },
			"apply": { "model": "block/sculk_sensor_power9" }
		},
		{	"when": { "power": "10" },
			"apply": { "model": "block/sculk_sensor_power10" }
		},
		{	"when": { "power": "11" },
			"apply": { "model": "block/sculk_sensor_power11" }
		},
		{	"when": { "power": "12" },
			"apply": { "model": "block/sculk_sensor_power12" }
		},
		{	"when": { "power": "13" },
			"apply": { "model": "block/sculk_sensor_power13" }
		},
		{	"when": { "power": "14" },
			"apply": { "model": "block/sculk_sensor_power14" }
		},
		{	"when": { "power": "15" },
			"apply": { "model": "block/sculk_sensor_power15" }
		}
	]
}
