{
	"variants": {
		"power=0": {
			"model": "minecraft:block/target"
		},
		"power=1": {
			"model": "minecraft:block/target_power1"
		},
		"power=2": {
			"model": "minecraft:block/target_power2"
		},
		"power=3": {
			"model": "minecraft:block/target_power3"
		},
		"power=4": {
			"model": "minecraft:block/target_power4"
		},
		"power=5": {
			"model": "minecraft:block/target_power5"
		},
		"power=6": {
			"model": "minecraft:block/target_power6"
		},
		"power=7": {
			"model": "minecraft:block/target_power7"
		},
		"power=8": {
			"model": "minecraft:block/target_power8"
		},
		"power=9": {
			"model": "minecraft:block/target_power9"
		},
		"power=10": {
			"model": "minecraft:block/target_power10"
		},
		"power=11": {
			"model": "minecraft:block/target_power11"
		},
		"power=12": {
			"model": "minecraft:block/target_power12"
		},
		"power=13": {
			"model": "minecraft:block/target_power13"
		},
		"power=14": {
			"model": "minecraft:block/target_power14"
		},
		"power=15": {
			"model": "minecraft:block/target_power15"
		}
	}
}