{
	"credit": "Made with Blockbench",
	"ambientocclusion": false,
	"elements": [
		{
			"from": [4, -0.01, 4],
			"to": [12, 20, 12],
			"shade": false,
			"faces": {
				"up": {"uv": [0, 0, 16, 16], "texture": "#power"},
				"down": {"uv": [0, 0, 16, 16], "texture": "#power", "cullface": "down"}
			}
		},
		{
			"from": [4, 0, -0.01],
			"to": [12, 8, 16.01],
			"shade": false,
			"faces": {
				"north": {"uv": [0, 0, 16, 16], "texture": "#power", "cullface": "north"},
				"south": {"uv": [0, 0, 16, 16], "texture": "#power", "cullface": "south"}
			}
		},
		{
			"from": [-0.01, 0, 4],
			"to": [16.01, 8, 12],
			"shade": false,
			"faces": {
				"east": {"uv": [0, 0, 16, 16], "texture": "#power", "cullface": "east"},
				"west": {"uv": [0, 0, 16, 16], "texture": "#power", "cullface": "west"}
			}
		}
	]
}