{
    "textures": {
		"power": "block/daylight_detector_inverted_false_power0",
		"top": "block/daylight_detector_top"
    },
	"elements": [
		{	"name": "du",
			"from": [6, 0, 6],
			"to": [10, 6, 10],
			"faces": {
				"down": {"uv": [0, 0, 16, 16], "texture": "#power", "cullface": "down"},
				"up":   { "texture": "#top" }
			}
		},
		{	"name": "ns",
			"from": [6, 1, 0],
			"to": [10, 5, 16],
			"faces": {
				"north": {"uv": [0, 0, 16, 16], "texture": "#power", "cullface": "north"},
				"south": {"uv": [0, 0, 16, 16], "texture": "#power", "cullface": "south"}
			}
		},
		{	"name": "we",
			"from": [0, 1, 6],
			"to": [16, 5, 10],
			"faces": {
				"west": {"uv": [0, 0, 16, 16], "texture": "#power", "cullface": "west"},
				"east": {"uv": [0, 0, 16, 16], "texture": "#power", "cullface": "east"}
			}
		}
	]
}