{
	"parent": "block/thin_block",
	"textures": {
		"particle": "block/daylight_detector_top",
		"top": "block/daylight_detector_top",
		"side": "block/daylight_detector_side"
	},
	"elements": [
		{	"name": "nw",
			"from": [0, 0, 0],
			"to": [6, 6, 6],
			"faces": {
				"down":  {"texture": "#side", "cullface": "down"},
				"up":    {"texture": "#top"},
				"north": {"texture": "#side", "cullface": "north"},
				"west":  {"texture": "#side", "cullface": "west"}
			}
		},
		{	"name": "ne",
			"from": [10, 0, 0],
			"to": [16, 6, 6],
			"faces": {
				"down":  {"texture": "#side", "cullface": "down"},
				"up":    {"texture": "#top"},
				"north": {"texture": "#side", "cullface": "north"},
				"east":  {"texture": "#side", "cullface": "east"}
			}
		},
		{	"name": "sw",
			"from": [0, 0, 10],
			"to": [6, 6, 16],
			"faces": {
				"down":  {"texture": "#side", "cullface": "down"},
				"up":    {"texture": "#top"},
				"south": {"texture": "#side", "cullface": "south"},
				"west":  {"texture": "#side", "cullface": "west"}
			}
		},
		{	"name": "se",
			"from": [10, 0, 10],
			"to": [16, 6, 16],
			"faces": {
				"down":  {"texture": "#side", "cullface": "down"},
				"up":    {"texture": "#top"},
				"south": {"texture": "#side", "cullface": "south"},
				"east":  {"texture": "#side", "cullface": "east"}
			}
		},
		{	"name": "north_bottom",
			"from": [6, 0, 0],
			"to": [10, 1, 6],
			"faces": {
				"down":  {"texture": "#side", "cullface": "down"},
				"north": {"texture": "#side", "cullface": "north"}
			}
		},
		{	"name": "south_bottom",
			"from": [6, 0, 10],
			"to": [10, 1, 16],
			"faces": {
				"down":  {"texture": "#side", "cullface": "down"},
				"south": {"texture": "#side", "cullface": "south"}
			}
		},
		{	"name": "west_bottom",
			"from": [0, 0, 6],
			"to": [6, 1, 10],
			"faces": {
				"down": {"texture": "#side", "cullface": "down"},
				"west": {"texture": "#side", "cullface": "west"}
			}
		},
		{	"name": "east_bottom",
			"from": [10, 0, 6],
			"to": [16, 1, 10],
			"faces": {
				"down": {"texture": "#side", "cullface": "down"},
				"east": {"texture": "#side", "cullface": "east"}
			}
		},
		{	"name": "north_top",
			"from": [6, 5, 0],
			"to": [10, 6, 6],
			"faces": {
				"up":    {"texture": "#top"},
				"north": {"texture": "#side", "cullface": "north"}
			}
		},
		{	"name": "south_top",
			"from": [6, 5, 10],
			"to": [10, 6, 16],
			"faces": {
				"up":    {"texture": "#top"},
				"south": {"texture": "#side", "cullface": "south"}
			}
		},
		{	"name": "west_top",
			"from": [0, 5, 6],
			"to": [6, 6, 10],
			"faces": {
				"up":   {"texture": "#top"},
				"west": {"texture": "#side", "cullface": "west"}
			}
		},
		{	"name": "east_top",
			"from": [10, 5, 6],
			"to": [16, 6, 10],
			"faces": {
				"up":   {"texture": "#top"},
				"east": {"texture": "#side", "cullface": "east"}
			}
		}
	]
}