{
	"parent": "minecraft:block/orientable",
	"textures": {
		"front": "minecraft:block/dispenser_front_triggered_true",
		"side": "minecraft:block/dispenser_side_triggered_true",
		"back": "minecraft:block/dispenser_side_back_triggered_true",
		"top": "minecraft:block/dispenser_top_triggered_true",
        "particle": "block/dispenser_front"
	},
    "elements": [
        {   "from": [ 0, 0, 0 ],
            "to": [ 16, 16, 16 ],
            "faces": {
                "down":  { "uv": [ 0, 16, 16, 0 ], "texture": "#top", "cullface": "down" },
                "up":    { "uv": [ 0, 0, 16, 16 ], "texture": "#top", "cullface": "up" },
                "north": { "uv": [ 0, 0, 16, 16 ], "texture": "#front", "cullface": "north" },
                "south": { "uv": [ 0, 0, 16, 16 ], "texture": "#back", "cullface": "south" },
                "west":  { "uv": [ 16, 0, 0, 16 ], "texture": "#side", "cullface": "west" },
                "east":  { "uv": [ 0, 0, 16, 16 ], "texture": "#side", "cullface": "east" }
            }
        }
    ]
}