{
	"parent": "minecraft:block/orientable_vertical",
	"textures": {
		"front": "minecraft:block/dropper_front_vertical_triggered_true",
		"side": "minecraft:block/dropper_top_triggered_true",
		"back": "minecraft:block/dropper_top_back_triggered_true",
        "particle": "block/dropper_front_vertical"
	},
    "elements": [
        {   "from": [ 0, 0, 0 ],
            "to": [ 16, 16, 16 ],
            "faces": {
                "down":  { "uv": [ 0, 0, 16, 16 ], "texture": "#back", "cullface": "down" },
                "up":    { "uv": [ 0, 0, 16, 16 ], "texture": "#front", "cullface": "up" },
                "north": { "uv": [ 0, 0, 16, 16 ], "texture": "#side", "cullface": "north" },
                "south": { "uv": [ 0, 0, 16, 16 ], "texture": "#side", "cullface": "south" },
                "west":  { "uv": [ 0, 0, 16, 16 ], "texture": "#side", "cullface": "west" },
                "east":  { "uv": [ 0, 0, 16, 16 ], "texture": "#side", "cullface": "east" }
            }
        }
    ]
}