{
	"textures": {
		"disc": "block/music_disc"
	},
	"elements": [
		{	"from": [8, 17, 6.75],
			"to": [8, 17.5, 9.25],
			"faces": {
				"west": {"uv": [5, 3, 10, 4], "texture": "#disc", "cullface": "up"},
				"east": {"uv": [5, 3, 10, 4], "texture": "#disc", "cullface": "up"}
			}
		},
		{	"from": [8, 16.5, 5.25],
			"to": [8, 17, 10.75],
			"faces": {
				"west": {"uv": [2, 4, 13, 5], "texture": "#disc", "cullface": "up"},
				"east": {"uv": [2, 4, 13, 5], "texture": "#disc", "cullface": "up"}
			}
		},
		{	"from": [8, 16, 4.75],
			"to": [8, 16.5, 11.25],
			"faces": {
				"west": {"uv": [1, 5, 14, 6], "texture": "#disc", "cullface": "up"},
				"east": {"uv": [1, 5, 14, 6], "texture": "#disc", "cullface": "up"}
			}
		},
		{	"from": [8, 14, 4.25],
			"to": [8, 16, 11.75],
			"faces": {
				"west": {"uv": [0, 6, 15, 10], "texture": "#disc", "cullface": "up"},
				"east": {"uv": [0, 6, 15, 10], "texture": "#disc", "cullface": "up"}
			}
		},
		{	"from": [8, 12.5, 6.75],
			"to": [8, 13, 9.25],
			"faces": {
				"west": {"uv": [5, 12, 10, 13], "texture": "#disc", "cullface": "up"},
				"east": {"uv": [5, 12, 10, 13], "texture": "#disc", "cullface": "up"}
			}
		},
		{	"from": [8, 13, 5.25],
			"to": [8, 13.5, 10.75],
			"faces": {
				"west": {"uv": [2, 11, 13, 12], "texture": "#disc", "cullface": "up"},
				"east": {"uv": [2, 11, 13, 12], "texture": "#disc", "cullface": "up"}
			}
		},
		{	"from": [8, 13.5, 4.75],
			"to": [8, 14, 11.25],
			"faces": {
				"west": {"uv": [1, 10, 14, 11], "texture": "#disc", "cullface": "up"},
				"east": {"uv": [1, 10, 14, 11], "texture": "#disc", "cullface": "up"}
			}
		}
	]
}