{
	"elements": [
		{
			"from": [1, -0.01, 12],
			"to": [4, -0.01, 15],
			"faces": {
				"down": {"uv": [0, 0, 16, 16], "texture": "#distance", "tintindex": 0, "cullface": "down"}
			}
		},
		{
			"from": [1, 16.01, 1],
			"to": [5, 16.01, 5],
			"faces": {
				"up": {"uv": [0, 0, 16, 16], "texture": "#distance", "tintindex": 0, "cullface": "up"}
			}
		},
		{
			"from": [11, 11, -0.01],
			"to": [15, 15, -0.01],
			"faces": {
				"north": {"uv": [0, 0, 16, 16], "texture": "#distance", "tintindex": 0, "cullface": "north"}
			}
		},
		{
			"from": [1, 11, 16.01],
			"to": [5, 15, 16.01],
			"faces": {
				"south": {"uv": [0, 0, 16, 16], "texture": "#distance", "tintindex": 0, "cullface": "south"}
			}
		},
		{
			"from": [-0.01, 11, 1],
			"to": [-0.01, 15, 5],
			"faces": {
				"west": {"uv": [0, 0, 16, 16], "texture": "#distance", "tintindex": 0, "cullface": "west"}
			}
		},
		{
			"from": [16.01, 11, 11],
			"to": [16.01, 15, 15],
			"faces": {
				"east": {"uv": [0, 0, 16, 16], "texture": "#distance", "tintindex": 0, "cullface": "east"}
			}
		}
	]
}