{
    "ambientocclusion": false,
    "textures": {
        "particle": "block/cobblestone",
        "base": "block/cobblestone",
		"powered": "block/observer_back_on",
        "lever": "block/lever"
    },
    "elements": [
		{	"from": [5, 0, 4],
			"to": [11, 3, 7],
			"faces": {
				"down":  {"texture": "#base", "cullface": "down"},
				"up":    {"texture": "#base"},
				"north": {"uv": [5, 0, 11, 3], "texture": "#base"},
				"west":  {"uv": [4, 0,  7, 3], "texture": "#base"},
				"east":  {"uv": [9, 0, 12, 3], "texture": "#base"}
			}
		},
		{	"from": [5, 0, 9],
			"to": [11, 3, 12],
			"faces": {
				"down":  {"texture": "#base", "cullface": "down"},
				"up":    {"texture": "#base"},
				"south": {"uv": [5, 0, 11, 3], "texture": "#base"},
				"west":  {"uv": [9, 0, 12, 3], "texture": "#base"},
				"east":  {"uv": [4, 0,  7, 3], "texture": "#base"}
			}
		},
		{	"from": [5, 0, 7],
			"to": [7, 3, 9],
			"faces": {
				"down": {"texture": "#base", "cullface": "down"},
				"up":   {"texture": "#base"},
				"west": {"uv": [7, 0, 9, 3], "texture": "#base"}
			}
		},
		{	"from": [7, 0, 7],
			"to": [9, 3, 9],
			"faces": {
				"down": {"texture": "#powered", "cullface": "down"},
				"up":   {"texture": "#powered"}
			}
		},
		{	"from": [9, 0, 7],
			"to": [11, 3, 9],
			"faces": {
				"down": {"texture": "#base", "cullface": "down"},
				"up":   {"texture": "#base"},
				"east": {"uv": [7, 0, 9, 3], "texture": "#base"}
			}
		},
        {   "from": [ 7, 1, 7 ],
            "to": [ 9, 11, 9 ],
            "rotation": { "origin": [ 8, 1, 8 ], "axis": "x", "angle": -45 },
            "faces": {
                "up":    { "uv": [ 7, 6, 9,  8 ], "texture": "#lever" },
                "north": { "uv": [ 7, 6, 9, 16 ], "texture": "#lever" },
                "south": { "uv": [ 7, 6, 9, 16 ], "texture": "#lever" },
                "west":  { "uv": [ 7, 6, 9, 16 ], "texture": "#lever" },
                "east":  { "uv": [ 7, 6, 9, 16 ], "texture": "#lever" }
            }
        }
    ]
}
