{
	"credit": "Made with Blockbench",
	"textures": {
		"particle": "block/note_block_instrument_harp"
	},
	"elements": [
		{
			"from": [0, 0, 0],
			"to": [16, 4, 16],
			"faces": {
				"north": { "texture": "#note", "cullface": "north" },
				"south": { "texture": "#note", "cullface": "south" },
				"west":  { "texture": "#note", "cullface": "west" },
				"east":  { "texture": "#note", "cullface": "east" }
			}
		},
		{
			"from": [0, 12, 0],
			"to": [16, 16, 16],
			"faces": {
				"north": { "texture": "#note", "cullface": "north" },
				"south": { "texture": "#note", "cullface": "south" },
				"west":  { "texture": "#note", "cullface": "west" },
				"east":  { "texture": "#note", "cullface": "east" }
			}
		},
		{
			"from": [0, 0, 0],
			"to": [16, 16, 4],
			"faces": {
				"down": { "texture": "#note", "cullface": "down" },
				"up":   { "texture": "#note", "cullface": "up" }
			}
		},
		{
			"from": [0, 0, 12],
			"to": [16, 16, 16],
			"faces": {
				"down": { "texture": "#note", "cullface": "down" },
				"up":   { "texture": "#note", "cullface": "up" }
			}
		}
	]
}