{
    "ambientocclusion": false,
	"elements": [
		{	"from": [6, 6, 0.24],
			"to": [10, 10, 0.26],
            "shade": false,
			"faces": {
				"north": {"uv": [0, 0, 16, 16], "texture": "#power", "cullface": "north"},
				"south": {"uv": [0, 0, 16, 16], "texture": "#power"}
			}
		},
		{	"from": [6, 6, 0.24],
			"to": [10, 10, 0.26],
            "shade": false,
			"faces": {
				"north": {"uv": [0, 0, 16, 16], "texture": "#power_outline", "tintindex": 0, "cullface": "north"},
				"south": {"uv": [0, 0, 16, 16], "texture": "#power_outline", "tintindex": 0}
			}
		}
	]
}