{
    "ambientocclusion": false,
	"elements": [
		{	"from": [6, 0.24, 6],
			"to": [10, 0.26, 10],
            "shade": false,
			"faces": {
				"down": {"uv": [0, 0, 16, 16], "texture": "#power", "cullface": "down"},
				"up":   {"uv": [0, 0, 16, 16], "texture": "#power"}
			}
		},
		{	"from": [6, 0.24, 6],
			"to": [10, 0.26, 10],
            "shade": false,
			"faces": {
				"down": {"uv": [0, 0, 16, 16], "texture": "#power_outline", "tintindex": 0, "cullface": "down"},
				"up":   {"uv": [0, 0, 16, 16], "texture": "#power_outline", "tintindex": 0}
			}
		}
	]
}