{
	"credit": "Made with Blockbench",
	"ambientocclusion": false,
	"textures": {
		"particle": "block/cauldron_side",
		"top": "block/cauldron_top",
		"bottom": "block/cauldron_bottom",
		"side": "block/cauldron_side",
		"inside": "block/cauldron_inner"
	},
	"elements": [
		{	"from": [2, 3, 2],
			"to": [14, 4, 14],
			"faces": {
				"down": { "texture": "#inside" },
				"up":   { "texture": "#inside", "cullface": "up" }
			}
		},
		{	"from": [0, 0, 0],
			"to": [4, 3, 2],
			"faces": {
				"down":  { "texture": "#bottom", "cullface": "down" },
				"north": { "texture": "#side", "cullface": "north" },
				"south": { "texture": "#side" },
				"west":  { "texture": "#side", "cullface": "west" },
				"east":  { "texture": "#side" }
			}
		},
		{	"from": [0, 0, 2],
			"to": [2, 3, 4],
			"faces": {
				"down":  { "texture": "#bottom", "cullface": "down" },
				"south": { "texture": "#side" },
				"west":  { "texture": "#side", "cullface": "west" },
				"east":  { "texture": "#side" }
			}
		},
		{	"from": [12, 0, 0],
			"to": [16, 3, 2],
			"faces": {
				"down":  { "texture": "#bottom", "cullface": "down" },
				"north": { "texture": "#side", "cullface": "north" },
				"south": { "texture": "#side" },
				"west":  { "texture": "#side" },
				"east":  { "texture": "#side", "cullface": "east" }
			}
		},
		{	"from": [14, 0, 2],
			"to": [16, 3, 4],
			"faces": {
				"down":  { "texture": "#bottom", "cullface": "down" },
				"south": { "texture": "#side" },
				"west":  { "texture": "#side" },
				"east":  { "texture": "#side", "cullface": "east" }
			}
		},
		{	"from": [0, 0, 14],
			"to": [4, 3, 16],
			"faces": {
				"down":  { "texture": "#bottom", "cullface": "down" },
				"north": { "texture": "#side" },
				"south": { "texture": "#side", "cullface": "south" },
				"west":  { "texture": "#side", "cullface": "west" },
				"east":  { "texture": "#side" }
			}
		},
		{	"from": [0, 0, 12],
			"to": [2, 3, 14],
			"faces": {
				"down":  { "texture": "#bottom", "cullface": "down" },
				"north": { "texture": "#side" },
				"west":  { "texture": "#side", "cullface": "west" },
				"east":  { "texture": "#side" }
			}
		},
		{	"from": [12, 0, 14],
			"to": [16, 3, 16],
			"faces": {
				"down":  { "texture": "#bottom", "cullface": "down" },
				"north": { "texture": "#side" },
				"south": { "texture": "#side", "cullface": "south" },
				"west":  { "texture": "#side" },
				"east":  { "texture": "#side", "cullface": "east" }
			}
		},
		{	"from": [14, 0, 12],
			"to": [16, 3, 14],
			"faces": {
				"down":  { "texture": "#bottom", "cullface": "down" },
				"north": { "texture": "#side" },
				"west":  { "texture": "#side" },
				"east":  { "texture": "#side", "cullface": "east" }
			}
		},
		{	"from": [2, 4, 2],
			"to": [14, 15, 14],
			"faces": {
				"up": { "texture": "#content", "tintindex": 0 }
			}
		},
		{	"name": "north",
			"from": [9, 3, 0],
			"to": [14, 16, 2],
			"faces": {
				"down":  { "texture": "#inside" },
				"up":    { "texture": "#top", "cullface": "up" },
				"north": { "texture": "#side", "cullface": "north" },
				"south": { "texture": "#side" }
			}
		},
		{	"from": [2, 3, 0],
			"to": [7, 16, 2],
			"faces": {
				"down":  { "texture": "#inside" },
				"up":    { "texture": "#top", "cullface": "up" },
				"north": { "texture": "#side", "cullface": "north" },
				"south": { "texture": "#side" }
			}
		},
		{	"from": [7, 15, 0],
			"to": [9, 16, 2],
			"faces": {
				"up":    { "texture": "#top", "cullface": "up" },
				"north": { "texture": "#side", "cullface": "north" },
				"south": { "texture": "#side" }
			}
		},
		{	"from": [7, 3, 0],
			"to": [9, 6, 2],
			"faces": {
				"down":  { "texture": "#inside" },
				"north": { "texture": "#side", "cullface": "north" },
				"south": { "texture": "#side" }
			}
		},
		{	"from": [7, 6, 0],
			"to": [9, 15, 2],
			"faces": {
				"north": { "texture": "#content", "cullface": "north", "tintindex": 0 },
				"south": { "texture": "#side" }
			}
		},
		{	"name": "south",
			"from": [2, 3, 14],
			"to": [7, 16, 16],
			"faces": {
				"down":  { "texture": "#inside" },
				"up":    { "texture": "#top", "cullface": "up" },
				"north": { "texture": "#side" },
				"south": { "texture": "#side", "cullface": "south" }
			}
		},
		{	"from": [9, 3, 14],
			"to": [14, 16, 16],
			"faces": {
				"down":  { "texture": "#inside" },
				"up":    { "texture": "#top", "cullface": "up" },
				"north": { "texture": "#side" },
				"south": { "texture": "#side", "cullface": "south" }
			}
		},
		{	"from": [7, 15, 14],
			"to": [9, 16, 16],
			"faces": {
				"up":    { "texture": "#top", "cullface": "up" },
				"north": { "texture": "#side" },
				"south": { "texture": "#side", "cullface": "south" }
			}
		},
		{	"from": [7, 3, 14],
			"to": [9, 6, 16],
			"faces": {
				"down":  { "texture": "#inside" },
				"north": { "texture": "#side" },
				"south": { "texture": "#side", "cullface": "south" }
			}
		},
		{	"from": [7, 6, 14],
			"to": [9, 15, 16],
			"faces": {
				"north": { "texture": "#side" },
				"south": { "texture": "#content", "cullface": "south", "tintindex": 0 }
			}
		},
		{	"name": "west",
			"from": [0, 3, 0],
			"to": [2, 16, 7],
			"faces": {
				"down":  { "texture": "#inside" },
				"up":    { "texture": "#top", "cullface": "up" },
				"north": { "texture": "#side", "cullface": "north" },
				"west":  { "texture": "#side", "cullface": "west" },
				"east":  { "texture": "#side" }
			}
		},
		{	"from": [0, 3, 9],
			"to": [2, 16, 16],
			"faces": {
				"down":  { "texture": "#inside" },
				"up":    { "texture": "#top", "cullface": "up" },
				"south": { "texture": "#side", "cullface": "south" },
				"west":  { "texture": "#side", "cullface": "west" },
				"east":  { "texture": "#side" }
			}
		},
		{	"from": [0, 15, 7],
			"to": [2, 16, 9],
			"faces": {
				"up":   { "texture": "#top", "cullface": "up" },
				"west": { "texture": "#side", "cullface": "west" },
				"east": { "texture": "#side" }
			}
		},
		{	"from": [0, 3, 7],
			"to": [2, 6, 9],
			"faces": {
				"down": { "texture": "#inside" },
				"west": { "texture": "#side", "cullface": "west" },
				"east": { "texture": "#side" }
			}
		},
		{	"from": [0, 6, 7],
			"to": [2, 15, 9],
			"faces": {
				"west": { "texture": "#content", "cullface": "west", "tintindex": 0 },
				"east": { "texture": "#side" }
			}
		},
		{	"name": "east",
			"from": [14, 3, 9],
			"to": [16, 16, 16],
			"faces": {
				"down":  { "texture": "#inside" },
				"up":    { "texture": "#top", "cullface": "up" },
				"south": { "texture": "#side", "cullface": "south" },
				"west":  { "texture": "#side" },
				"east":  { "texture": "#side", "cullface": "east" }
			}
		},
		{	"from": [14, 3, 0],
			"to": [16, 16, 7],
			"faces": {
				"down":  { "texture": "#inside" },
				"up":    { "texture": "#top", "cullface": "up" },
				"north": { "texture": "#side", "cullface": "north" },
				"west":  { "texture": "#side" },
				"east":  { "texture": "#side", "cullface": "east" }
			}
		},
		{	"from": [14, 15, 7],
			"to": [16, 16, 9],
			"faces": {
				"up":   { "texture": "#top", "cullface": "up" },
				"west": { "texture": "#side" },
				"east": { "texture": "#side", "cullface": "east" }
			}
		},
		{	"from": [14, 3, 7],
			"to": [16, 6, 9],
			"faces": {
				"down": { "texture": "#inside" },
				"west": { "texture": "#side" },
				"east": { "texture": "#side", "cullface": "east" }
			}
		},
		{	"from": [14, 6, 7],
			"to": [16, 15, 9],
			"faces": {
				"west": { "texture": "#side" },
				"east": { "texture": "#content", "cullface": "east", "tintindex": 0 }
			}
		}
	]
}